,Survived,Age,Fare,Pclass,SibSp,Parch
0,0.0,-0.5797676413854249,-0.5012832903275657,3,1,0
1,1.0,0.6609235690347716,0.7416740305788282,1,1,0
2,1.0,-0.269594838780376,-0.4881807922271739,3,0,0
3,1.0,0.4282939670809847,0.38871602508423037,1,1,0
4,0.0,0.4282939670809847,-0.4857544036900643,3,0,0
5,0.0,-0.1145084374778514,-0.47782884817244964,3,0,0
6,0.0,1.9016147794549678,0.36469477856684546,1,0,0
7,0.0,-2.1306316544106707,-0.23292471812324553,3,3,1
8,1.0,-0.19205163812911372,-0.42590413347830447,3,0,2
9,1.0,-1.2001132465955233,-0.058306270106202256,2,1,0
10,1.0,-1.9755452531081459,-0.31784831692208104,3,1,1
11,1.0,2.211787582060017,-0.12664890019784564,1,0,0
12,0.0,-0.7348540426879495,-0.4857544036900643,3,0,0
13,0.0,0.7384667696860339,-0.03493141349510333,3,1,5
14,0.0,-1.2001132465955233,-0.4895550986945928,3,0,0
15,1.0,1.97915798010623,-0.33143609272989466,2,0,0
16,0.0,-2.1306316544106707,-0.07666529633338814,3,4,1
17,1.0,-0.1145084374778514,-0.38966941762052476,2,0,0
18,0.0,0.1181211644759355,-0.2926138761361413,3,1,0
19,1.0,-0.1145084374778514,-0.5017685680349877,3,0,0
20,0.0,0.4282939670809847,-0.1373250097611278,2,0,0
21,1.0,0.3507507664297224,-0.38966941762052476,2,0,0
22,1.0,-1.122570045944261,-0.4861581547426394,3,0,0
23,1.0,-0.1145084374778514,0.04708051905920078,1,0,0
24,0.0,-1.6653724505030971,-0.23292471812324553,3,3,1
25,1.0,0.6609235690347716,-0.03274766381170465,3,1,5
26,0.0,-0.1145084374778514,-0.5017685680349877,3,0,0
27,0.0,-0.8123972433392118,4.463107656598647,1,3,2
28,1.0,-0.1145084374778514,-0.4890698209871709,3,0,0
29,0.0,-0.1145084374778514,-0.4887475965894427,3,0,0
30,0.0,0.8160099703372963,-0.10392237460386242,1,0,0
31,1.0,-0.1145084374778514,2.2021172910650884,1,1,0
32,1.0,-0.1145084374778514,-0.49157773617912737,3,0,0
33,0.0,2.832133187270115,-0.4381971883627165,2,0,0
34,0.0,-0.1145084374778514,0.9530124721610733,1,1,0
35,0.0,0.9710963716398209,0.3673638059576661,1,1,0
36,1.0,-0.1145084374778514,-0.5016870413801408,3,0,0
37,0.0,-0.6573108420366872,-0.4857544036900643,3,0,0
38,0.0,-0.8899404439904741,-0.2926138761361413,3,2,0
39,1.0,-1.2001132465955233,-0.423799969338923,3,1,0
40,0.0,0.8160099703372963,-0.45809357436701503,3,1,0
41,0.0,-0.19205163812911372,-0.23438055124551127,2,1,0
42,0.0,-0.1145084374778514,-0.4887475965894427,3,0,0
43,1.0,-2.053088453759408,0.1650845286175735,2,1,2
44,1.0,-0.8123972433392118,-0.4890698209871709,3,0,0
45,0.0,-0.1145084374778514,-0.4857544036900643,3,0,0
46,0.0,-0.1145084374778514,-0.3411416468783331,3,1,0
47,1.0,-0.1145084374778514,-0.49157773617912737,3,0,0
48,0.0,-0.1145084374778514,-0.22119652649027255,3,2,0
49,0.0,-0.8899404439904741,-0.29649609779551667,3,1,0
50,0.0,-1.7429156511543593,0.1283645350523718,3,4,1
51,0.0,-0.6573108420366872,-0.4906071807642835,3,0,0
52,1.0,1.5138987761986562,0.8473849852527889,1,1,0
53,1.0,-0.03696523682658911,-0.1373250097611278,2,1,0
54,0.0,2.754589986618853,0.5610711378738579,1,0,1
55,1.0,-0.1145084374778514,0.04708051905920078,1,0,0
56,1.0,-0.6573108420366872,-0.4381971883627165,2,0,0
57,0.0,-0.07573683715222025,-0.5016870413801408,3,0,0
58,1.0,-1.8980020524568837,-0.1033555702415936,2,1,2
59,0.0,-1.43274284854931,0.2683671536435949,3,5,2
60,0.0,-0.5797676413854249,-0.5016870413801408,3,0,0
61,0.0,1.2037259735936077,0.9783284396018596,1,1,0
62,0.0,-1.9755452531081459,-0.10044390399706213,3,3,2
63,0.0,-0.1145084374778514,-0.10392237460386242,1,0,0
64,1.0,-0.1145084374778514,-0.3460759506073991,3,1,1
65,1.0,-0.03696523682658911,-0.4381971883627165,2,0,0
66,0.0,-0.8123972433392118,-0.48365218066151255,3,0,0
67,1.0,-0.9674836446417364,-0.4881807922271739,3,4,2
68,0.0,-0.269594838780376,-0.4738650998582274,3,2,0
69,0.0,0.19566436512719781,-0.4381971883627165,2,0,0
70,0.0,-1.0450268452929987,0.2683671536435949,3,5,2
71,0.0,-0.6573108420366872,0.7847026343405148,2,0,0
72,0.0,-0.269594838780376,-0.36144178393520665,3,1,0
73,1.0,0.19566436512719781,0.4546322666387643,3,0,0
74,0.0,-0.3471380394316383,-0.493518847008815,3,0,0
75,0.0,-0.1145084374778514,-0.4887475965894427,3,0,0
76,0.0,-0.1145084374778514,-0.4857544036900643,3,0,0
77,1.0,-2.2213571991726475,-0.07909168487049775,2,0,2
78,1.0,0.0405779638246732,-0.39986024947638504,3,0,0
79,0.0,-0.5797676413854249,-0.46731385080803145,3,0,0
80,1.0,-0.03696523682658911,-0.4576082966595932,3,0,0
81,1.0,-0.1145084374778514,-0.4908498196179945,3,0,0
82,0.0,-0.1145084374778514,0.2722493753029703,1,0,0
83,1.0,-0.9674836446417364,-0.4381971883627165,2,0,0
84,1.0,0.2732075657784601,-0.3343477589744262,3,3,0
85,0.0,-1.0450268452929987,0.025243022225214462,3,1,3
86,0.0,-0.1145084374778514,-0.4857544036900643,3,0,0
87,1.0,-0.5022244407341626,4.463107656598647,1,3,2
88,0.0,-0.4246812400829006,-0.4857544036900643,3,0,0
89,0.0,-0.03696523682658911,-0.4857544036900643,3,0,0
90,0.0,-0.7348540426879495,-0.4895550986945928,3,0,0
91,0.0,1.28126917424487,0.5454607245815096,1,1,0
92,0.0,-0.269594838780376,-0.24263027227168388,3,1,2
93,0.0,2.2893307827112794,-0.5012832903275657,3,0,0
94,0.0,-0.1145084374778514,-0.4857544036900643,3,0,0
95,0.0,3.219849190526427,0.030662603661702422,1,0,0
96,1.0,-0.5022244407341626,0.5878409973260805,1,0,1
97,1.0,0.3507507664297224,-0.19555833465175784,2,0,1
98,0.0,0.3507507664297224,-0.1373250097611278,2,1,0
99,0.0,-0.1145084374778514,-0.4887475965894427,3,0,0
100,0.0,-0.1145084374778514,-0.4887475965894427,3,0,0
101,0.0,-0.6573108420366872,0.8582222070149351,1,0,1
102,0.0,0.2732075657784601,-0.47402621205709145,3,0,0
103,0.0,0.5833803683835093,-0.4881807922271739,3,2,0
104,0.0,-0.1145084374778514,-0.4887475965894427,3,0,0
105,1.0,-0.6573108420366872,-0.493518847008815,3,0,0
106,1.0,-0.1145084374778514,-0.49109245847170546,3,0,0
107,0.0,0.6609235690347716,-0.4887475965894427,3,0,0
108,1.0,-0.1145084374778514,-0.17323556011034974,3,1,0
109,0.0,1.3588123748961323,0.3673638059576661,1,0,0
110,0.0,-1.1613416462698922,-0.36144178393520665,3,1,0
111,0.0,-0.5797676413854249,-0.4857544036900643,3,0,0
112,0.0,-0.7348540426879495,-0.4512996864631082,3,1,0
113,0.0,-0.9674836446417364,-0.36136219839118955,3,0,0
114,0.0,-0.6573108420366872,-0.4881807922271739,3,0,0
115,0.0,3.181077590200796,-0.49157773617912737,3,0,0
116,0.0,-0.03696523682658911,-0.23438055124551127,2,1,0
117,0.0,-0.4246812400829006,4.162639229049633,1,0,1
118,0.0,-2.1306316544106707,-0.03493141349510333,3,4,2
119,0.0,-0.6573108420366872,0.7847026343405148,2,2,0
120,0.0,-0.1145084374778514,-0.4857544036900643,3,0,0
121,0.0,0.23443596545282896,-0.058306270106202256,2,1,0
122,1.0,0.23443596545282896,-0.38966941762052476,2,0,0
123,0.0,1.9016147794549678,0.8582222070149351,1,0,1
124,1.0,-1.355199647898048,-0.423799969338923,3,1,0
125,0.0,-0.1145084374778514,-0.49157773617912737,3,0,0
126,1.0,-0.4246812400829006,-0.5033855133561175,3,0,0
127,1.0,-0.1145084374778514,-0.20801444284586362,3,1,1
128,0.0,1.2037259735936077,-0.5066213451092068,3,0,0
129,0.0,0.2732075657784601,-0.4887475965894427,3,0,0
130,0.0,-0.7348540426879495,-0.505165511986941,3,0,0
131,0.0,1.3588123748961323,-0.3605527551752097,3,1,0
132,1.0,-0.03696523682658911,-0.1373250097611278,2,1,0
133,0.0,-0.3471380394316383,-0.38966941762052476,2,0,0
134,0.0,-0.5022244407341626,-0.34995817226677445,2,0,0
135,1.0,-0.8123972433392118,-0.13182584278062268,1,0,2
136,0.0,0.5833803683835093,0.38871602508423037,1,1,0
137,0.0,-1.0450268452929987,-0.46310746364009836,3,0,0
138,0.0,-0.4246812400829006,0.895345951632712,1,0,0
139,0.0,-0.1145084374778514,-0.3460759506073991,3,0,2
140,1.0,-0.5797676413854249,-0.49157773617912737,3,0,0
141,1.0,-0.4246812400829006,-0.3343477589744262,3,1,0
142,0.0,-0.8123972433392118,-0.5109888444760041,3,0,0
143,0.0,-0.8899404439904741,-0.4187860800658398,2,0,0
144,0.0,-0.8123972433392118,0.07134440443029655,2,1,1
145,1.0,-0.19205163812911372,-0.4906887074191304,3,0,0
146,0.0,-1.5878292498518347,0.025243022225214462,3,2,2
147,0.0,0.5446087680578782,-0.1373250097611278,2,0,2
148,0.0,0.9710963716398209,-0.38966941762052476,2,0,0
149,0.0,1.6689851775011808,-0.3988896940615412,2,0,0
150,1.0,-0.5797676413854249,0.6507659870920655,1,1,0
151,0.0,2.0179295804318613,-0.4857544036900643,3,0,0
152,0.0,0.8547815706629274,-0.3605527551752097,3,0,2
153,0.0,-0.1145084374778514,-0.5000700960590109,3,0,0
154,0.0,1.6689851775011808,0.5494244728957318,1,0,1
155,1.0,-1.0450268452929987,-0.49190190168768516,3,0,0
156,0.0,0.0405779638246732,-0.4857544036900643,3,0,0
157,0.0,-0.1145084374778514,-0.4738650998582274,3,0,0
158,0.0,-0.1145084374778514,0.7080287565678519,3,8,2
159,0.0,1.1261827729423455,-0.329494981900207,3,0,1
160,1.0,0.8160099703372963,-0.3362888698041139,2,0,0
161,0.0,-0.269594838780376,-0.49109245847170546,3,0,0
162,0.0,-0.9674836446417364,-0.4738650998582274,3,0,0
163,0.0,-2.208174855061933,0.1283645350523718,3,4,1
164,1.0,-1.5878292498518347,-0.2436008276865277,3,0,2
165,1.0,-0.1145084374778514,0.42559713084829603,1,0,1
166,0.0,1.2037259735936077,-0.10044390399706213,3,1,4
167,0.0,-0.1145084374778514,-0.13878084288339354,1,0,0
168,0.0,-0.1145084374778514,0.4546322666387643,3,0,0
169,0.0,2.444417184013804,0.008258302465447362,1,0,0
170,0.0,-1.9755452531081459,-0.07666529633338814,3,4,1
171,1.0,-2.208174855061933,-0.42590413347830447,3,1,1
172,0.0,-0.6573108420366872,-0.4881807922271739,3,0,0
173,0.0,2.0567011807574924,-0.0461743274206543,1,0,0
174,0.0,-0.8899404439904741,-0.4895550986945928,3,1,1
175,0.0,-0.1145084374778514,-0.14767695381585214,3,3,1
176,0.0,1.5914419768499186,-0.08467237850584983,1,0,0
177,0.0,0.0405779638246732,-0.38966941762052476,2,0,0
178,0.0,0.505837167732247,-0.6420138254799217,3,0,0
179,0.0,-0.1145084374778514,0.7080287565678519,3,8,2
180,0.0,-0.1145084374778514,-0.3498766456119275,2,0,0
181,0.0,-1.5878292498518347,-0.03274766381170465,3,4,2
182,1.0,-2.208174855061933,0.11501939809826918,2,2,1
183,1.0,-1.9755452531081459,-0.2144841652412127,3,0,2
184,0.0,-0.1145084374778514,0.32854158936391265,1,0,0
185,1.0,-0.1145084374778514,-0.3411416468783331,3,1,0
186,1.0,1.2037259735936077,-0.12664890019784564,1,0,0
187,0.0,0.8160099703372963,-0.3411416468783331,3,1,1
188,0.0,0.505837167732247,-0.4887475965894427,3,0,0
189,1.0,0.19566436512719781,-0.38966941762052476,2,0,0
190,0.0,-0.8123972433392118,-0.38966941762052476,2,0,0
191,1.0,-0.8123972433392118,-0.4895550986945928,3,1,0
192,1.0,-2.053088453759408,-0.1373250097611278,2,1,1
193,1.0,1.1261827729423455,-0.10392237460386242,1,0,0
194,1.0,2.211787582060017,2.2021172910650884,1,0,0
195,0.0,-0.1145084374778514,-0.49157773617912737,3,0,0
196,0.0,0.9710963716398209,-0.4788789891313106,3,0,1
197,1.0,-0.1145084374778514,-0.49157773617912737,3,0,0
198,0.0,-0.4246812400829006,-0.38966941762052476,2,0,0
199,0.0,-0.1145084374778514,-0.4576082966595932,3,0,0
200,0.0,-0.1145084374778514,0.7080287565678519,3,8,2
201,0.0,0.3507507664297224,-0.5159231482050701,3,0,0
202,0.0,1.242497573919239,-0.5017685680349877,3,0,0
203,1.0,-0.8899404439904741,-0.4857544036900643,3,0,0
204,0.0,-2.1306316544106707,-0.43892510492384934,3,0,1
205,0.0,0.19566436512719781,-0.3343477589744262,3,1,0
206,1.0,-0.269594838780376,-0.27732762835235086,3,0,0
207,1.0,-1.0450268452929987,-0.49157773617912737,3,0,0
208,1.0,0.8160099703372963,-0.0402694682767444,1,0,0
209,0.0,-0.4246812400829006,-0.505165511986941,3,0,0
210,1.0,0.4282939670809847,-0.23438055124551127,2,0,0
211,0.0,-0.5797676413854249,-0.5012832903275657,3,0,0
212,0.0,0.0405779638246732,-0.38966941762052476,2,0,0
213,0.0,-0.1145084374778514,-0.49157773617912737,3,1,0
214,1.0,0.1181211644759355,1.5567794668487849,1,1,0
215,1.0,-0.19205163812911372,-0.4881807922271739,3,0,0
216,0.0,0.9710963716398209,-0.11791390146425115,2,1,0
217,1.0,0.19566436512719781,0.8388926253729055,1,0,0
218,0.0,0.0405779638246732,-0.4381971883627165,2,0,0
219,1.0,-1.0450268452929987,-0.4857544036900643,3,0,0
220,0.0,-0.19205163812911372,-0.38966941762052476,2,0,0
221,0.0,1.6689851775011808,-0.4857544036900643,3,0,0
222,0.0,-0.1145084374778514,-0.4887475965894427,3,0,0
223,1.0,0.6609235690347716,1.1049859212389803,1,1,0
224,0.0,-0.5797676413854249,-0.46051996290412467,3,0,0
225,1.0,-0.8123972433392118,-0.4381971883627165,2,0,0
226,0.0,-0.6960824423623183,-0.5012832903275657,3,0,0
227,0.0,-0.8899404439904741,-0.38966941762052476,2,0,0
228,0.0,-0.1145084374778514,-0.14767695381585214,3,3,1
229,1.0,0.4282939670809847,0.9783284396018596,1,1,0
230,0.0,-0.03696523682658911,-0.49109245847170546,3,0,0
231,0.0,2.2893307827112794,-0.37996386347208644,2,0,0
232,1.0,-1.8980020524568837,-0.03274766381170465,3,4,2
233,0.0,-0.4246812400829006,-0.4381971883627165,2,0,0
234,0.0,-0.1145084374778514,-0.4954599578385027,3,0,0
235,0.0,1.1261827729423455,-0.1373250097611278,2,1,0
236,1.0,-1.6653724505030971,-0.13247223268690866,2,0,2
237,0.0,-0.8123972433392118,-0.4381971883627165,2,0,0
238,0.0,0.2732075657784601,-0.40374247113576034,2,0,0
239,0.0,-0.1145084374778514,-0.36144178393520665,3,1,0
240,1.0,-0.1145084374778514,-0.3411416468783331,3,1,0
241,0.0,-0.03696523682658911,-0.4381971883627165,2,0,0
242,0.0,-0.5797676413854249,-0.5037096788646752,3,0,0
243,0.0,0.0405779638246732,-0.5017685680349877,3,0,0
244,0.0,1.1261827729423455,1.1049859212389803,1,2,0
245,0.0,-0.3471380394316383,-0.49109245847170546,3,0,0
246,1.0,-0.4246812400829006,-0.3605527551752097,2,0,2
247,1.0,0.5833803683835093,0.37812144217579513,1,1,1
248,0.0,1.9016147794549678,-0.1373250097611278,2,1,0
249,0.0,-0.1145084374778514,-0.5012832903275657,3,0,0
250,0.0,-0.03696523682658911,-0.43892510492384934,3,1,1
251,0.0,2.521960384665066,-0.12664890019784564,1,0,0
252,0.0,0.0405779638246732,-0.329494981900207,3,1,0
253,0.0,0.8935531709885586,-0.2496667990293017,3,0,2
254,1.0,-0.03696523682658911,-0.3460759506073991,3,0,2
255,1.0,-0.1145084374778514,0.895345951632712,1,0,0
256,1.0,0.0405779638246732,1.0370470421999118,1,0,0
257,1.0,0.4282939670809847,9.302863759372274,1,0,0
258,1.0,1.5914419768499186,-0.1373250097611278,2,0,1
259,0.0,-0.1145084374778514,-0.49157773617912737,3,0,0
260,1.0,-2.053088453759408,-0.03274766381170465,3,4,2
261,0.0,1.7465283781524432,0.9040809503663065,1,1,1
262,0.0,0.8160099703372963,-0.6420138254799217,1,0,0
263,0.0,-0.1145084374778514,-0.49157773617912737,3,0,0
264,0.0,0.505837167732247,-0.4381971883627165,2,0,0
265,0.0,-1.0450268452929987,0.1283645350523718,3,4,1
266,1.0,-0.3471380394316383,-0.49109245847170546,3,1,0
267,1.0,2.211787582060017,2.336863381529517,1,0,1
268,1.0,0.4282939670809847,1.9907788494828424,1,0,0
269,0.0,-0.1145084374778514,-0.0402694682767444,1,0,0
270,1.0,-0.3471380394316383,-0.6420138254799217,3,0,0
271,1.0,0.8935531709885586,-0.26349721369082624,2,0,1
272,0.0,0.5833803683835093,-0.06550390906268412,1,0,1
273,1.0,-0.1145084374778514,-0.49157773617912737,3,0,0
274,1.0,2.5995035853163286,0.87124317846048,1,1,0
275,0.0,1.2037259735936077,-0.49157773617912737,3,0,0
276,0.0,-0.1145084374778514,-0.6420138254799217,2,0,0
277,0.0,-1.7429156511543593,-0.07666529633338814,3,4,1
278,1.0,0.4282939670809847,-0.24893888246816875,3,1,1
279,0.0,2.754589986618853,-0.49157773617912737,3,0,0
280,0.0,-0.1145084374778514,-0.4895550986945928,3,0,0
281,0.0,-1.0450268452929987,-0.4576082966595932,3,0,0
282,1.0,-0.8123972433392118,-0.4857544036900643,3,0,0
283,0.0,-0.1145084374778514,-0.1373250097611278,1,0,0
284,0.0,0.2732075657784601,-0.4738650998582274,3,0,0
285,1.0,0.0405779638246732,-0.4576082966595932,3,0,0
286,0.0,-0.5797676413854249,-0.4887475965894427,3,0,0
287,1.0,0.9710963716398209,-0.38966941762052476,2,0,0
288,1.0,-0.5797676413854249,-0.49157773617912737,3,0,0
289,1.0,-0.269594838780376,0.8885520637288048,1,0,0
290,1.0,-0.8123972433392118,1.1259343893129696,1,1,0
291,0.0,0.505837167732247,-0.3920958061576344,2,0,0
292,0.0,-0.4246812400829006,-0.470225517052563,3,0,0
293,0.0,-0.4246812400829006,-0.4887475965894427,3,0,0
294,0.0,-0.1145084374778514,-0.10392237460386242,1,0,0
295,0.0,-0.4634528404085314,-0.5016870413801408,3,0,0
296,0.0,-2.1306316544106707,2.2997396369117404,1,1,2
297,1.0,-0.1145084374778514,-0.04997502242518276,1,0,0
298,1.0,1.5914419768499186,4.162639229049633,1,0,1
299,1.0,-0.1145084374778514,-0.49157773617912737,3,0,0
300,1.0,-0.1145084374778514,-0.1907055575775387,3,2,0
301,0.0,-0.8123972433392118,-0.6420138254799217,3,0,0
302,1.0,-0.1145084374778514,-0.40228663801349457,2,0,0
303,0.0,-0.1145084374778514,-0.4857544036900643,3,0,0
304,1.0,-2.214378311114034,2.2997396369117404,1,1,2
305,1.0,-0.1145084374778514,1.5103539191351454,1,0,0
306,1.0,-0.9674836446417364,1.4718558680499496,1,1,0
307,0.0,0.0405779638246732,-0.1761472263548812,2,1,0
308,1.0,0.0405779638246732,0.4630450409746306,1,0,0
309,1.0,-0.4246812400829006,0.9721809416042388,1,0,0
310,1.0,-0.8899404439904741,4.450975713913098,1,2,2
311,0.0,-0.269594838780376,-0.1373250097611278,2,1,1
312,0.0,-0.1145084374778514,-0.4887475965894427,3,0,0
313,0.0,1.048639572291083,-0.13247223268690866,2,1,1
314,1.0,-0.269594838780376,-0.4895550986945928,3,0,0
315,1.0,-0.4246812400829006,-0.1373250097611278,2,1,0
316,0.0,1.9016147794549678,-0.37025830932364806,2,0,0
317,1.0,0.1181211644759355,2.558231542768758,1,0,2
318,1.0,0.8160099703372963,1.9687802404499928,1,1,1
319,0.0,-0.5797676413854249,-0.5012832903275657,3,0,0
320,0.0,-0.19205163812911372,-0.4887475965894427,3,0,0
321,1.0,0.0405779638246732,-0.40228663801349457,2,0,0
322,1.0,-0.5797676413854249,-0.07909168487049775,2,1,1
323,0.0,-0.1145084374778514,0.7080287565678519,3,8,2
324,1.0,0.505837167732247,1.9907788494828424,1,0,0
325,0.0,2.444417184013804,-0.5209370374781533,3,0,0
326,1.0,0.505837167732247,-0.38966941762052476,2,0,0
327,1.0,0.1181211644759355,-0.2436008276865277,3,1,1
328,1.0,-1.0450268452929987,0.48342670468635107,1,0,1
329,1.0,-0.1145084374778514,-0.1907055575775387,3,2,0
330,0.0,1.242497573919239,-0.0887972390189361,1,0,0
331,0.0,0.6609235690347716,2.336863381529517,1,0,1
332,0.0,-1.0450268452929987,-0.2926138761361413,3,2,0
333,1.0,-0.1145084374778514,1.9522807983976473,1,1,0
334,0.0,-0.1145084374778514,-0.4887475965894427,3,0,0
335,0.0,-0.03696523682658911,0.6507659870920655,1,1,0
336,1.0,0.8935531709885586,1.9687802404499928,1,0,0
337,1.0,1.2037259735936077,-0.4857544036900643,3,0,0
338,0.0,1.2037259735936077,0.04708051905920078,1,0,0
339,1.0,-2.1306316544106707,-0.1373250097611278,2,1,1
340,1.0,-0.4246812400829006,4.463107656598647,1,3,2
341,0.0,-0.1145084374778514,-0.38966941762052476,2,0,0
342,0.0,-0.3471380394316383,-0.38966941762052476,2,0,0
343,0.0,0.505837167732247,-0.38966941762052476,2,0,0
344,1.0,-0.4246812400829006,-0.38966941762052476,2,0,0
345,1.0,0.8160099703372963,-0.38966941762052476,2,0,0
346,1.0,-2.053088453759408,-0.3333772035595824,3,1,1
347,0.0,0.9710963716398209,-0.4738650998582274,3,0,0
348,0.0,-0.5022244407341626,-0.46294635144123425,3,0,0
349,0.0,-0.1145084374778514,0.03737496491076235,1,0,0
350,0.0,-1.122570045944261,-0.5016870413801408,3,1,1
351,0.0,-0.3471380394316383,-0.29649609779551667,3,1,0
352,0.0,-0.1145084374778514,-0.5017685680349877,3,0,0
353,0.0,-0.1145084374778514,-0.4576082966595932,3,0,0
354,1.0,-0.5797676413854249,0.42559713084829603,1,0,1
355,0.0,0.6609235690347716,-0.38966941762052476,2,0,0
356,1.0,-0.1145084374778514,-0.4890698209871709,3,0,0
357,1.0,-0.1145084374778514,-0.4890698209871709,3,0,0
358,0.0,0.8160099703372963,-0.10044390399706213,3,1,4
359,0.0,-0.03696523682658911,-0.10392237460386242,2,1,0
360,0.0,1.2037259735936077,-0.36144178393520665,3,0,1
361,0.0,0.4282939670809847,-0.505165511986941,3,0,0
362,0.0,-0.1145084374778514,-0.3411416468783331,3,1,0
363,0.0,0.0405779638246732,-0.5012832903275657,3,0,0
364,1.0,2.3668739833625416,0.818672073860049,1,1,0
365,1.0,-0.1145084374778514,-0.5016870413801408,3,0,0
366,1.0,-0.1145084374778514,-0.49157773617912737,3,0,0
367,1.0,-0.4246812400829006,0.7031759794936328,1,0,0
368,1.0,-0.3471380394316383,0.4341710173830265,1,1,0
369,0.0,-0.8899404439904741,-0.5159231482050701,3,1,0
370,0.0,-0.8123972433392118,-0.4857544036900643,3,0,0
371,0.0,-0.5797676413854249,1.9907788494828424,1,0,0
372,0.0,-2.053088453759408,-0.23292471812324553,3,3,1
373,1.0,-0.1145084374778514,0.9530124721610733,1,1,0
374,1.0,-0.5797676413854249,-0.5012832903275657,3,0,0
375,0.0,-0.19205163812911372,3.4634355793094977,1,0,2
376,0.0,-0.7348540426879495,-0.564126753438704,3,0,0
377,0.0,-0.8123972433392118,-0.49109245847170546,3,0,0
378,1.0,0.9710963716398209,3.7744985897669463,1,0,0
379,1.0,-2.208174855061933,-0.336449982002978,3,0,2
380,0.0,0.19566436512719781,-0.4881807922271739,3,0,0
381,1.0,0.4282939670809847,0.3673638059576661,1,1,0
382,0.0,-0.1145084374778514,-0.4887475965894427,3,0,0
383,0.0,-0.8899404439904741,0.7847026343405148,2,0,0
384,0.0,-2.208174855061933,0.2683671536435949,3,5,2
385,1.0,0.505837167732247,-0.38966941762052476,2,0,0
386,0.0,-0.1145084374778514,-0.4919814872317024,3,0,0
387,1.0,-0.9674836446417364,-0.40908052591740146,2,0,0
388,1.0,0.505837167732247,1.6873191701452808,1,1,2
389,1.0,-0.6573108420366872,-0.4906887074191304,3,0,0
390,0.0,-0.1145084374778514,-0.4881807922271739,3,2,0
391,1.0,-0.5022244407341626,1.5567794668487849,1,1,0
392,1.0,-0.4246812400829006,-0.31784831692208104,3,0,2
393,0.0,-0.5797676413854249,-0.4906887074191304,3,0,0
394,0.0,0.1181211644759355,-0.4895550986945928,3,0,0
395,0.0,1.28126917424487,-0.1373250097611278,2,0,0
396,0.0,-0.5022244407341626,-0.4381971883627165,2,0,0
397,1.0,-0.1145084374778514,-0.3964633055244316,2,0,0
398,1.0,0.7384667696860339,-0.4881807922271739,3,0,0
399,0.0,-0.269594838780376,-0.4857544036900643,3,0,0
400,0.0,-0.6573108420366872,-0.4512996864631082,3,1,0
401,0.0,-0.1145084374778514,-0.3343477589744262,3,1,0
402,0.0,-0.7348540426879495,-0.4738650998582274,3,0,0
403,0.0,0.3507507664297224,-0.23438055124551127,2,1,0
404,0.0,1.6689851775011808,-0.49157773617912737,3,0,0
405,1.0,-2.053088453759408,-0.27805554491348383,2,1,1
406,0.0,-0.6573108420366872,-0.49109245847170546,3,0,0
407,0.0,-0.1145084374778514,-0.14767695381585214,3,3,1
408,0.0,-0.1145084374778514,-0.4887475965894427,3,0,0
409,0.0,-0.1145084374778514,-0.5088866214474523,3,0,0
410,1.0,0.2732075657784601,1.1049859212389803,1,1,0
411,0.0,-0.1145084374778514,-0.6420138254799217,2,0,0
412,1.0,1.1261827729423455,-0.4881807922271739,3,0,0
413,0.0,-0.1145084374778514,-0.4857544036900643,3,0,0
414,1.0,0.3507507664297224,-0.011152805831429344,2,1,1
415,1.0,-0.8899404439904741,-0.38966941762052476,2,0,2
416,0.0,0.0405779638246732,-0.38966941762052476,2,0,0
417,0.0,-1.5102860492005725,-0.17323556011034974,3,0,2
418,0.0,-0.1145084374778514,-0.4887475965894427,3,0,0
419,0.0,-0.6573108420366872,-0.49190190168768516,3,0,0
420,0.0,-0.03696523682658911,-0.4891513476420178,3,0,0
421,0.0,-0.1145084374778514,-0.36249386600489736,3,1,1
422,0.0,-0.8899404439904741,-0.2496667990293017,3,1,1
423,0.0,-0.1145084374778514,-0.5012832903275657,3,0,0
424,1.0,-0.1145084374778514,-0.1373250097611278,2,1,0
425,1.0,-0.8123972433392118,-0.1373250097611278,2,0,0
426,0.0,-0.1145084374778514,-0.49157773617912737,3,0,0
427,1.0,0.19566436512719781,-0.4857544036900643,3,0,0
428,1.0,-0.1145084374778514,-0.12664890019784564,1,0,0
429,1.0,-0.1145084374778514,-0.329494981900207,3,1,0
430,1.0,0.9710963716398209,-0.1373250097611278,2,1,0
431,0.0,-0.9674836446417364,-0.5037096788646752,3,0,0
432,0.0,1.5914419768499186,0.443067128315485,1,1,0
433,1.0,-1.2001132465955233,1.6873191701452808,1,1,2
434,0.0,-0.6573108420366872,0.025243022225214462,3,2,2
435,1.0,-0.4246812400829006,-0.27805554491348383,2,2,3
436,0.0,2.677046785967591,4.463107656598647,1,1,4
437,0.0,0.1181211644759355,-0.4381971883627165,2,0,0
438,1.0,1.2037259735936077,-0.13247223268690866,2,1,1
439,0.0,-0.7348540426879495,-0.4576082966595932,3,0,0
440,0.0,-0.3471380394316383,-0.49109245847170546,3,1,0
441,1.0,-0.1145084374778514,-0.38966941762052476,2,0,0
442,1.0,-0.1145084374778514,-0.4845412094215096,3,0,0
443,1.0,-1.9755452531081459,0.9469465008182991,1,0,2
444,1.0,-1.2776564472467855,-0.26349721369082624,2,0,1
445,1.0,0.3507507664297224,-0.12664890019784564,1,0,0
446,1.0,-1.8980020524568837,-0.2681888785661814,3,2,1
447,1.0,1.7465283781524432,-0.04997502242518276,1,0,0
448,0.0,0.505837167732247,-0.1033555702415936,2,1,2
449,0.0,-0.1145084374778514,-0.25443804944867393,3,1,0
450,0.0,0.0405779638246732,-0.1033555702415936,1,0,0
451,1.0,1.5138987761986562,1.0875974504266381,1,1,0
452,0.0,-0.1145084374778514,-0.4857544036900643,3,0,0
453,1.0,-0.03696523682658911,-0.4887475965894427,3,0,0
454,0.0,2.754589986618853,-0.12664890019784564,1,0,0
455,1.0,-0.1145084374778514,0.36469477856684546,1,1,0
456,1.0,1.5914419768499186,-0.4381971883627165,2,0,0
457,0.0,-0.1145084374778514,-0.49157773617912737,3,0,0
458,1.0,1.436355575547394,-0.12664890019784564,1,0,0
459,0.0,0.3507507664297224,-0.4857544036900643,3,0,0
460,0.0,1.3588123748961323,0.10531384394983076,1,0,0
461,0.0,1.436355575547394,-0.38966941762052476,2,0,0
462,0.0,-0.1145084374778514,-0.4857544036900643,3,0,0
463,0.0,0.6609235690347716,-0.505165511986941,3,0,0
464,0.0,-0.1145084374778514,-0.6420138254799217,2,0,0
465,0.0,2.0567011807574924,-0.12664890019784564,1,0,0
466,0.0,-0.1145084374778514,-0.4920630138865492,3,0,0
467,1.0,-2.2275606552247487,-0.2681888785661814,3,2,1
468,0.0,-0.1145084374778514,-0.5012832903275657,3,0,0
469,0.0,0.6609235690347716,-0.4738650998582274,3,0,0
470,1.0,0.2732075657784601,-0.1033555702415936,2,1,2
471,1.0,-0.5022244407341626,-0.37430164318188747,2,0,0
472,0.0,-0.5797676413854249,-0.45105704760939724,3,0,0
473,0.0,-0.1145084374778514,0.3673638059576661,1,0,0
474,0.0,0.3507507664297224,-0.23438055124551127,2,1,0
475,0.0,-0.03696523682658911,-0.5052470386417879,3,1,0
476,0.0,-0.5797676413854249,-0.49602676220077146,3,0,0
477,1.0,-2.1306316544106707,-0.4034998322820494,3,0,1
478,0.0,-1.5878292498518347,0.2683671536435949,3,5,2
479,0.0,-0.1145084374778514,-0.6420138254799217,2,0,0
480,0.0,1.5914419768499186,-0.4857544036900643,3,0,0
481,1.0,2.5995035853163286,-0.45590982468361646,3,0,0
482,1.0,-0.3471380394316383,1.1259343893129696,1,1,0
483,0.0,-0.1145084374778514,-0.14767695381585214,3,3,1
484,1.0,0.4282939670809847,1.1049859212389803,1,1,0
485,0.0,2.211787582060017,-0.06550390906268412,1,0,0
486,0.0,0.0405779638246732,-0.4857544036900643,3,0,0
487,1.0,-1.5878292498518347,-0.3333772035595824,3,1,1
488,0.0,-0.1145084374778514,-0.25443804944867393,3,1,0
489,0.0,-0.6573108420366872,-0.5012832903275657,3,0,0
490,0.0,1.97915798010623,-0.04997502242518276,1,0,0
491,0.0,3.219849190526427,0.3189175618703211,1,0,0
492,0.0,-0.6573108420366872,-0.4857544036900643,3,0,0
493,0.0,-0.1145084374778514,-0.36136219839118955,3,0,0
494,1.0,1.9016147794549678,0.8772295642592369,1,1,0
495,0.0,-0.1145084374778514,-0.34890609019708374,3,0,0
496,0.0,-0.3471380394316383,2.2997396369117404,1,1,2
497,0.0,-0.4246812400829006,-0.4906887074191304,3,0,0
498,0.0,-0.9674836446417364,-0.4738650998582274,3,0,0
499,0.0,-0.6573108420366872,-0.49157773617912737,3,0,0
500,0.0,-0.1145084374778514,-0.4939225980613901,3,0,0
501,0.0,0.5833803683835093,-0.45590982468361646,3,0,0
502,1.0,-1.0450268452929987,1.0370470421999118,1,0,0
503,0.0,-0.8899404439904741,1.4718558680499496,1,1,0
504,1.0,0.2732075657784601,-0.1373250097611278,2,0,2
505,1.0,-0.1145084374778514,-0.12664890019784564,1,0,0
506,0.0,-0.1145084374778514,-0.20477861109277434,3,0,0
507,1.0,-0.269594838780376,0.4546322666387643,3,0,0
508,1.0,-0.03696523682658911,-0.49157773617912737,3,0,0
509,0.0,-0.1145084374778514,-0.4857544036900643,3,0,0
510,1.0,0.505837167732247,-0.13174431612577572,1,0,0
511,1.0,1.9016147794549678,0.5110060073545535,1,1,0
512,0.0,-0.4246812400829006,-0.49651203990819337,3,0,0
513,0.0,1.3588123748961323,0.018367607666460766,1,0,0
514,1.0,0.3507507664297224,-0.4381971883627165,2,0,0
515,0.0,-0.1145084374778514,-0.17323556011034974,3,0,0
516,1.0,0.505837167732247,-0.1373250097611278,2,1,0
517,0.0,0.19566436512719781,-0.4887475965894427,3,0,0
518,1.0,0.0405779638246732,1.1729248002780486,1,0,0
519,0.0,-0.5797676413854249,-0.4887475965894427,3,0,0
520,0.0,-0.1145084374778514,-0.5017685680349877,3,0,0
521,1.0,1.1261827729423455,0.48342670468635107,1,0,1
522,0.0,-0.1145084374778514,-0.5016870413801408,3,0,0
523,0.0,0.8547815706629274,-0.49157773617912737,3,0,0
524,1.0,1.5914419768499186,-0.4381971883627165,2,0,0
525,0.0,-0.1145084374778514,3.6629662437147523,1,0,0
526,0.0,0.7384667696860339,-0.4881807922271739,3,0,0
527,0.0,-0.5022244407341626,-0.4187860800658398,2,2,1
528,1.0,-2.1306316544106707,-0.1373250097611278,2,1,1
529,0.0,-0.1145084374778514,-0.5016870413801408,3,0,0
530,0.0,-0.9674836446417364,-0.5016870413801408,3,1,1
531,1.0,-0.1145084374778514,-0.20801444284586362,3,0,2
532,0.0,0.0405779638246732,-0.4738650998582274,3,0,0
533,1.0,-1.7429156511543593,-0.13247223268690866,2,0,2
534,0.0,1.2037259735936077,-0.12664890019784564,1,0,0
535,1.0,0.0405779638246732,1.4238133750151796,1,0,0
536,0.0,-0.1145084374778514,-0.3605527551752097,3,0,0
537,1.0,-0.5797676413854249,0.3188360352154744,1,0,2
538,1.0,0.505837167732247,0.7361748635983232,1,0,2
539,0.0,-1.5878292498518347,-0.03493141349510333,3,4,2
540,0.0,-1.43274284854931,-0.03493141349510333,3,4,2
541,1.0,0.19566436512719781,-0.1373250097611278,2,1,0
542,0.0,1.5914419768499186,1.4238133750151796,1,1,0
543,0.0,2.677046785967591,-0.1373250097611278,1,0,0
544,1.0,-0.8123972433392118,-0.1373250097611278,2,1,0
545,1.0,-0.1145084374778514,-0.3729273367144686,2,0,0
546,0.0,0.2732075657784601,-0.2436008276865277,3,1,1
547,1.0,-1.6653724505030971,0.07134440443029655,2,1,1
548,1.0,-0.9674836446417364,1.5103539191351454,1,0,2
549,0.0,-0.19205163812911372,-0.1373250097611278,2,0,0
550,0.0,-0.1145084374778514,-0.49004037640201475,3,0,0
551,1.0,-0.5797676413854249,-0.5017685680349877,3,0,0
552,1.0,-0.5797676413854249,-0.49109245847170546,3,0,0
553,0.0,2.521960384665066,-0.12664890019784564,1,0,0
554,1.0,1.436355575547394,0.1266660630763952,1,1,0
555,1.0,0.7384667696860339,0.9040809503663065,1,1,1
556,1.0,0.505837167732247,-0.3042605411142673,3,1,0
557,0.0,-0.1145084374778514,-0.49157773617912737,3,0,0
558,0.0,0.8160099703372963,-0.4887475965894427,3,0,0
559,0.0,-0.1145084374778514,-0.37996386347208644,2,0,0
560,0.0,-0.1145084374778514,-0.4857544036900643,3,0,0
561,0.0,-0.1145084374778514,-0.4857544036900643,3,0,0
562,0.0,-0.4246812400829006,-0.17323556011034974,3,2,0
563,0.0,-0.8123972433392118,-0.4887475965894427,3,0,0
564,0.0,-0.03696523682658911,-0.23292471812324553,3,0,4
565,0.0,-0.1145084374778514,-0.5016870413801408,3,0,0
566,1.0,0.19566436512719781,-0.4895550986945928,3,0,0
567,1.0,2.521960384665066,-0.4381971883627165,2,0,0
568,1.0,1.8240715788037054,0.35725450075665266,1,2,0
569,1.0,0.505837167732247,-0.1298032052960881,1,0,0
570,1.0,-0.1145084374778514,-0.49157773617912737,3,0,0
571,0.0,-1.0450268452929987,-0.4857544036900643,3,0,0
572,0.0,-0.8123972433392118,-0.3605527551752097,3,0,0
573,1.0,0.3507507664297224,-0.38966941762052476,2,0,0
574,1.0,0.7384667696860339,0.443067128315485,1,1,0
575,0.0,-0.1145084374778514,-0.36136219839118955,3,1,0
576,1.0,0.19566436512719781,-0.4881807922271739,3,0,0
577,1.0,-0.3471380394316383,-0.05968057657362104,2,1,1
578,1.0,0.7384667696860339,1.5103539191351454,1,1,1
579,0.0,1.9016147794549678,-0.1373250097611278,2,0,0
580,0.0,0.505837167732247,0.13685689493225536,1,0,0
581,0.0,-0.1145084374778514,-0.4728945444433835,3,0,0
582,1.0,-0.8899404439904741,0.9040809503663065,1,0,2
583,0.0,1.3588123748961323,-0.35084720102677136,2,0,0
584,1.0,2.3668739833625416,0.895345951632712,1,1,1
585,0.0,-0.5797676413854249,-0.4857544036900643,3,0,0
586,0.0,-0.1145084374778514,-0.4857544036900643,3,0,0
587,0.0,0.4282939670809847,-0.5037096788646752,3,0,0
588,1.0,1.7465283781524432,0.8772295642592369,1,1,0
589,0.0,1.3588123748961323,-0.5012832903275657,3,0,0
590,0.0,-0.1145084374778514,-0.49157773617912737,3,0,2
591,0.0,0.5833803683835093,-0.1373250097611278,2,1,0
592,0.0,0.505837167732247,-0.17323556011034974,3,1,1
593,1.0,-0.1145084374778514,-0.00144725168299106,2,0,0
594,0.0,1.5138987761986562,-0.6420138254799217,3,0,0
595,0.0,-0.1145084374778514,-0.5017685680349877,3,0,0
596,1.0,1.5138987761986562,0.4630450409746306,1,1,0
597,1.0,-0.4246812400829006,-0.11791390146425115,2,2,1
598,0.0,-0.1145084374778514,-0.4887475965894427,3,0,0
599,0.0,-0.1145084374778514,0.18101716630764983,1,0,0
600,0.0,1.1261827729423455,-0.4857544036900643,3,0,0
601,1.0,0.4282939670809847,-0.12664890019784564,1,0,0
602,0.0,0.505837167732247,-0.34017109146348923,3,1,0
603,0.0,0.0405779638246732,-0.4887475965894427,3,0,0
604,1.0,-0.19205163812911372,-0.04997502242518276,1,0,0
605,1.0,-0.5797676413854249,0.1650845286175735,2,1,2
606,1.0,0.8160099703372963,2.336863381529517,1,0,0
607,0.0,0.7384667696860339,-0.03493141349510333,3,1,5
608,0.0,-0.1145084374778514,-0.505165511986941,3,0,0
609,1.0,-0.1145084374778514,-0.3411416468783331,3,1,0
610,0.0,-0.1145084374778514,-0.49157773617912737,3,0,0
611,0.0,0.4282939670809847,-0.4857544036900643,3,0,0
612,1.0,-0.4246812400829006,0.619708213817063,2,1,2
613,0.0,0.3507507664297224,-0.36249386600489736,3,1,1
614,0.0,-0.269594838780376,-0.329494981900207,3,1,0
615,1.0,-1.9755452531081459,0.11501939809826918,2,2,1
616,0.0,-0.269594838780376,-0.4381971883627165,2,0,0
617,0.0,-0.19205163812911372,-0.36144178393520665,3,1,0
618,1.0,0.9710963716398209,0.37812144217579513,1,1,0
619,1.0,-0.7348540426879495,-0.336449982002978,3,1,1
620,0.0,-0.6573108420366872,-0.4895550986945928,3,0,0
621,0.0,-0.6573108420366872,-0.329494981900207,3,0,0
622,0.0,2.444417184013804,-0.014631276438229701,1,0,0
623,0.0,2.1342443814087546,-0.40228663801349457,2,0,0
624,1.0,-0.6573108420366872,0.87124317846048,1,0,0
625,0.0,-0.269594838780376,-0.4887475965894427,3,0,0
626,0.0,-0.1145084374778514,-0.49190190168768516,3,0,0
627,1.0,3.9177379963877867,-0.05968057657362104,1,0,0
628,0.0,1.6689851775011808,-0.5050839853320941,3,0,0
629,1.0,0.19566436512719781,-0.04997502242518276,1,0,0
630,0.0,-0.1145084374778514,-0.6420138254799217,1,0,0
631,0.0,-1.5878292498518347,-0.10044390399706213,3,3,2
632,1.0,-0.1145084374778514,-0.38966941762052476,2,0,0
633,0.0,0.19566436512719781,-0.4881807922271739,3,0,0
634,0.0,0.1181211644759355,-0.13247223268690866,2,1,1
635,0.0,0.8935531709885586,0.1283645350523718,3,0,5
636,0.0,-0.1145084374778514,-0.329494981900207,3,1,0
637,0.0,-0.7348540426879495,-0.4895550986945928,3,0,0
638,1.0,-0.4246812400829006,0.7031759794936328,1,0,0
639,0.0,-2.1306316544106707,-0.10044390399706213,3,3,2
640,1.0,-0.1145084374778514,0.4546322666387643,3,0,0
641,1.0,-2.2275606552247487,-0.2681888785661814,3,2,1
642,1.0,1.436355575547394,0.8473849852527889,1,1,0
643,0.0,-0.8123972433392118,-0.4887475965894427,3,0,0
644,1.0,2.0567011807574924,0.04708051905920078,1,0,0
645,0.0,-0.1145084374778514,-0.4954599578385027,3,0,0
646,1.0,-0.5022244407341626,-0.4954599578385027,3,0,0
647,0.0,-0.1145084374778514,-0.4887475965894427,3,0,0
648,1.0,-0.8899404439904741,-0.19555833465175784,2,0,1
649,0.0,-0.6573108420366872,-0.4783141258798715,3,0,0
650,1.0,-0.1145084374778514,-0.49004037640201475,3,0,0
651,0.0,-0.8899404439904741,-0.5109888444760041,3,0,0
652,0.0,-0.4246812400829006,0.7847026343405148,2,2,0
653,0.0,-0.1145084374778514,-0.4887475965894427,3,0,0
654,0.0,0.19566436512719781,-0.3411416468783331,3,1,1
655,0.0,-0.5022244407341626,-0.38966941762052476,2,0,0
656,0.0,2.211787582060017,1.5567794668487849,1,0,2
657,1.0,1.5914419768499186,1.9522807983976473,1,2,0
658,0.0,0.8160099703372963,-0.5017685680349877,3,0,0
659,0.0,1.3588123748961323,-0.14533209193358948,1,0,0
660,0.0,0.505837167732247,-0.49651203990819337,3,0,0
661,1.0,-0.7348540426879495,-0.4881807922271739,3,1,0
662,0.0,0.19566436512719781,0.7847026343405148,2,2,0
663,0.0,-0.3471380394316383,-0.38966941762052476,2,0,0
664,0.0,-0.1145084374778514,-0.49109245847170546,3,0,0
665,0.0,1.048639572291083,-0.4857544036900643,3,0,0
666,1.0,-0.1145084374778514,0.3673638059576661,1,1,0
667,1.0,0.8160099703372963,0.11501939809826918,2,1,1
668,0.0,0.1181211644759355,0.3673638059576661,1,1,0
669,0.0,3.142305989875165,-0.4381971883627165,2,0,0
670,1.0,0.1181211644759355,-0.38966941762052476,2,0,0
671,0.0,-0.1145084374778514,-0.6420138254799217,2,0,0
672,0.0,-0.8899404439904741,-0.49109245847170546,3,0,0
673,0.0,-0.38590963975726944,-0.4857544036900643,3,0,0
674,1.0,-0.8899404439904741,-0.4509755209545504,3,0,0
675,0.0,1.048639572291083,0.2683671536435949,3,1,6
676,1.0,0.505837167732247,9.302863759372274,1,0,1
677,0.0,-0.1145084374778514,-0.4840559317140877,3,0,0
678,1.0,-0.19205163812911372,0.8473849852527889,1,0,0
679,0.0,-0.7348540426879495,-0.46294635144123425,3,0,0
680,0.0,-1.2001132465955233,0.2683671536435949,3,5,2
681,0.0,2.3668739833625416,0.11501939809826918,2,1,1
682,0.0,-0.3471380394316383,0.1650845286175735,2,1,2
683,0.0,-1.2001132465955233,0.1283645350523718,3,4,1
684,0.0,-0.8123972433392118,-0.4445873252140483,3,0,0
685,0.0,-0.8899404439904741,-0.4906887074191304,3,0,0
686,1.0,-1.122570045944261,3.460281274211255,1,0,1
687,1.0,0.1181211644759355,0.4644193474420495,1,1,0
688,1.0,-1.9755452531081459,-0.3815808087932162,3,0,1
689,1.0,-0.1145084374778514,0.4546322666387643,3,0,0
690,0.0,-0.3471380394316383,-0.5017685680349877,3,0,0
691,0.0,2.3668739833625416,-0.12664890019784564,1,0,0
692,0.0,1.7465283781524432,-0.37996386347208644,2,0,0
693,0.0,1.1261827729423455,-0.4857544036900643,3,0,0
694,1.0,-0.1145084374778514,-0.49190190168768516,3,0,0
695,0.0,1.5138987761986562,1.5103539191351454,1,1,1
696,0.0,0.9710963716398209,-0.493518847008815,3,0,0
697,1.0,-0.8899404439904741,3.7744985897669463,1,1,0
698,1.0,0.4282939670809847,-0.13174431612577572,1,0,0
699,0.0,-0.8899404439904741,-0.36144178393520665,3,0,1
700,0.0,-0.3471380394316383,-0.4917388483779914,3,0,0
701,0.0,-0.269594838780376,-0.4895550986945928,3,1,0
702,0.0,0.7384667696860339,-0.1373250097611278,2,0,0
703,1.0,1.2037259735936077,-0.37996386347208644,2,0,0
704,1.0,0.9710963716398209,-0.13174431612577572,1,0,0
705,1.0,-0.5797676413854249,2.2997396369117404,1,0,0
706,1.0,-0.1145084374778514,-0.3460759506073991,3,1,1
707,1.0,-0.4246812400829006,0.3189175618703211,1,0,0
708,0.0,-0.1145084374778514,-0.12664890019784564,1,0,0
709,1.0,1.436355575547394,0.3673638059576661,1,1,0
710,0.0,-0.03696523682658911,-0.457932462168151,3,0,0
711,0.0,1.7465283781524432,-0.38966941762052476,2,0,0
712,0.0,-0.8123972433392118,-0.493518847008815,3,0,0
713,1.0,0.6609235690347716,3.7744985897669463,1,0,0
714,1.0,-0.19205163812911372,-0.4381971883627165,2,0,0
715,0.0,-0.1145084374778514,-0.3411416468783331,3,0,0
716,0.0,0.2732075657784601,-0.49109245847170546,3,0,0
717,1.0,-1.8204588518056217,-0.00144725168299106,2,0,1
718,0.0,-0.9674836446417364,-0.5050839853320941,3,1,0
719,0.0,0.3507507664297224,-0.38966941762052476,2,0,0
720,0.0,1.5914419768499186,-0.38966941762052476,2,0,0
721,1.0,-0.19205163812911372,0.38871602508423037,1,1,0
722,0.0,-0.7348540426879495,-0.4738650998582274,3,0,0
723,1.0,0.0405779638246732,-0.23438055124551127,2,3,0
724,1.0,-0.1145084374778514,-0.4918203750328383,3,0,0
725,0.0,-0.3471380394316383,-0.1373250097611278,2,1,0
726,0.0,-0.3471380394316383,-0.4881807922271739,3,1,0
727,1.0,-0.03696523682658911,3.460281274211255,1,0,0
728,0.0,-1.43274284854931,-0.27732762835235086,3,0,0
729,0.0,-0.1145084374778514,-0.6420138254799217,2,0,0
730,0.0,-0.5022244407341626,-0.38966941762052476,2,0,0
731,0.0,-0.5022244407341626,-0.38966941762052476,2,0,0
732,0.0,-0.07573683715222025,-0.329494981900207,3,0,0
733,0.0,1.436355575547394,0.025243022225214462,3,1,3
734,1.0,0.4282939670809847,9.302863759372274,1,0,0
735,0.0,-0.1145084374778514,-0.4887475965894427,3,0,0
736,0.0,-0.1145084374778514,-0.4887475965894427,3,0,0
737,1.0,-0.1145084374778514,-0.05968057657362104,1,0,0
738,0.0,0.505837167732247,0.8885520637288048,1,1,0
739,1.0,-0.6573108420366872,4.450975713913098,1,2,2
740,0.0,-0.4246812400829006,-0.329494981900207,3,1,0
741,1.0,0.1181211644759355,-0.4881807922271739,3,0,0
742,0.0,3.142305989875165,0.7361748635983232,1,1,1
743,0.0,-1.0450268452929987,-0.24893888246816875,3,1,1
744,1.0,0.0405779638246732,-0.38966941762052476,2,0,0
745,0.0,-0.8123972433392118,0.38871602508423037,1,1,0
746,0.0,0.1181211644759355,-0.49157773617912737,3,0,0
747,1.0,-1.9755452531081459,-0.19555833465175784,2,1,1
748,1.0,-1.8204588518056217,-0.39986024947638504,3,0,1
749,0.0,0.2732075657784601,-0.4576082966595932,3,0,0
750,0.0,-0.5022244407341626,-0.4887475965894427,3,0,0
751,1.0,1.436355575547394,0.619708213817063,2,1,2
752,1.0,-2.2337641112768494,-0.3605527551752097,2,1,1
753,0.0,-0.1145084374778514,-0.4906887074191304,3,0,0
754,0.0,-0.8899404439904741,-0.4187860800658398,2,0,0
755,0.0,0.3507507664297224,-0.4857544036900643,3,0,0
756,1.0,0.2732075657784601,1.0370470421999118,1,0,0
757,0.0,-0.1145084374778514,-0.3605527551752097,3,0,0
758,0.0,0.8935531709885586,-0.5037096788646752,3,0,0
759,1.0,-0.7348540426879495,-0.5016870413801408,3,0,0
760,1.0,0.505837167732247,1.6873191701452808,1,1,2
761,0.0,-1.0450268452929987,-0.49109245847170546,3,0,0
762,1.0,1.6689851775011808,0.87124317846048,1,1,0
763,0.0,-0.1145084374778514,0.1266660630763952,1,0,0
764,0.0,0.07934956415030435,-0.49157773617912737,3,0,0
765,0.0,-0.1145084374778514,-0.17323556011034974,3,1,0
766,0.0,0.19566436512719781,-0.47968843234729036,3,0,0
767,0.0,-0.4246812400829006,-0.4576082966595932,3,0,0
768,0.0,1.436355575547394,-0.4895550986945928,3,0,0
769,0.0,2.1342443814087546,-0.4381971883627165,2,0,0
770,0.0,-0.1145084374778514,-0.5017685680349877,3,0,0
771,1.0,1.9016147794549678,-0.19555833465175784,2,1,3
772,0.0,-0.8899404439904741,-0.49157773617912737,3,0,0
773,0.0,-0.1145084374778514,-0.49157773617912737,3,0,0
774,1.0,-1.8980020524568837,-0.39986024947638504,3,0,0
775,0.0,-0.1145084374778514,-0.4918203750328383,3,0,0
776,1.0,1.048639572291083,3.460281274211255,1,0,1
777,1.0,-1.2776564472467855,-0.5016870413801408,3,0,0
778,1.0,-0.9674836446417364,0.4644193474420495,1,1,0
779,0.0,-0.03696523682658911,-0.05968057657362104,1,0,0
780,0.0,-0.1145084374778514,-0.18682333591816336,3,1,2
781,0.0,-0.3471380394316383,-0.505165511986941,3,0,0
782,0.0,-0.3471380394316383,-0.5012832903275657,3,0,0
783,1.0,-0.8899404439904741,-0.49651203990819337,3,0,0
784,0.0,-1.6653724505030971,-0.07666529633338814,3,4,1
785,1.0,-2.208174855061933,-0.24263027227168388,3,1,2
786,0.0,1.28126917424487,0.895345951632712,1,0,0
787,0.0,-0.1145084374778514,-0.49157773617912737,3,0,0
788,0.0,-1.0450268452929987,-0.1373250097611278,2,0,0
789,0.0,-0.1145084374778514,0.7080287565678519,3,8,2
790,0.0,-0.1145084374778514,-0.0461743274206543,1,0,0
791,0.0,-0.3471380394316383,-0.4887475965894427,3,0,0
792,0.0,0.7384667696860339,-0.38966941762052476,2,0,0
793,1.0,1.5138987761986562,-0.13869931622854664,1,0,0
794,1.0,0.1181211644759355,-0.4734613488056523,3,0,0
795,0.0,0.0405779638246732,-0.5016870413801408,3,0,0
796,0.0,0.0405779638246732,-0.17323556011034974,3,1,1
797,0.0,0.3507507664297224,-0.38966941762052476,2,0,0
798,1.0,0.1181211644759355,-0.13247223268690866,2,1,1
799,1.0,-1.43274284854931,1.6873191701452808,1,1,2
800,1.0,-2.253149911439665,-0.476695239447912,3,0,1
801,1.0,-0.19205163812911372,-0.5066213451092068,3,0,0
802,0.0,0.1181211644759355,-0.49109245847170546,3,0,0
803,0.0,0.7384667696860339,-0.6420138254799217,1,0,0
804,0.0,-0.8899404439904741,-0.49109245847170546,3,0,0
805,0.0,0.7384667696860339,-0.38966941762052476,2,0,0
806,1.0,0.2732075657784601,0.38871602508423037,1,1,0
807,0.0,-0.269594838780376,-0.4889087087883068,3,0,0
808,0.0,0.7384667696860339,-0.17323556011034974,3,0,0
809,0.0,0.4282939670809847,-0.4381971883627165,2,0,0
810,0.0,-1.8204588518056217,-0.03493141349510333,3,4,2
811,0.0,0.07934956415030435,-0.4857544036900643,3,0,0
812,0.0,-0.1145084374778514,-0.6420138254799217,1,0,0
813,0.0,-0.5022244407341626,-0.4881807922271739,3,0,0
814,0.0,0.1181211644759355,0.07627870815936251,2,1,1
815,0.0,1.048639572291083,-0.516812176965067,3,0,0
816,0.0,-1.5102860492005725,-0.10044390399706213,3,3,2
817,1.0,1.7465283781524432,1.1729248002780486,1,1,1
818,1.0,-0.19205163812911372,-0.4738650998582274,3,0,0
819,0.0,0.6609235690347716,-0.6420138254799217,1,0,0
820,1.0,-0.19205163812911372,-0.39986024947638504,3,0,1
821,0.0,-2.1306316544106707,0.1283645350523718,3,4,1
822,0.0,-0.1145084374778514,-0.5071066228166288,3,0,0
823,0.0,-0.1145084374778514,0.4546322666387643,3,0,0
824,1.0,-2.208174855061933,0.07627870815936251,2,0,2
825,1.0,-0.1145084374778514,-0.49157773617912737,3,0,0
826,1.0,-1.122570045944261,-0.36144178393520665,3,1,0
827,1.0,-2.2213571991726475,-0.27805554491348383,2,1,1
828,0.0,-0.1145084374778514,-0.5016870413801408,3,0,0
829,0.0,-0.5022244407341626,-0.4895550986945928,3,0,0
830,0.0,-0.8899404439904741,-0.4809016266158451,3,0,0
831,1.0,0.7384667696860339,0.9721809416042388,1,1,1
832,0.0,-0.6573108420366872,-0.4738650998582274,3,0,0
833,0.0,-0.1145084374778514,-0.4857544036900643,3,0,0
834,1.0,0.19566436512719781,0.4546322666387643,3,0,0
835,1.0,-0.1145084374778514,-0.06550390906268412,1,0,0
836,0.0,-0.7348540426879495,-0.4881807922271739,3,0,0
837,0.0,-1.0450268452929987,-0.4381971883627165,2,0,0
838,1.0,0.0405779638246732,-0.0402694682767444,1,0,0
839,0.0,0.38952236675535357,-0.517054815818778,3,0,0
840,0.0,-0.9674836446417364,-0.4738650998582274,3,0,0
841,0.0,0.9710963716398209,-0.4954599578385027,3,0,0
842,0.0,-0.1145084374778514,0.7080287565678519,3,8,2
843,0.0,0.4282939670809847,-0.4887475965894427,3,0,0
844,0.0,-0.1145084374778514,-0.00144725168299106,2,0,1
845,1.0,-0.1145084374778514,1.0875974504266381,1,1,0
846,0.0,-1.9755452531081459,-0.03493141349510333,3,4,2
847,0.0,3.452478792480214,-0.49109245847170546,3,0,0
848,0.0,-1.5878292498518347,-0.3460759506073991,3,1,1
849,1.0,-1.0450268452929987,0.12278384141701972,1,0,1
850,0.0,1.1261827729423455,-0.1373250097611278,2,1,0
851,1.0,-0.8899404439904741,-0.46051996290412467,3,0,1
852,1.0,1.2037259735936077,2.558231542768758,1,1,1
853,1.0,1.6689851775011808,-0.12664890019784564,1,0,0
854,1.0,-0.4246812400829006,-0.2681888785661814,3,0,3
855,0.0,-0.1145084374778514,-0.5016870413801408,3,0,0
856,0.0,0.8935531709885586,-0.36815608629509633,3,2,0
857,0.0,-0.6573108420366872,-0.4187860800658398,2,1,0
858,1.0,1.436355575547394,-0.13869931622854664,1,0,0
859,0.0,-0.1145084374778514,0.7080287565678519,3,8,2
860,0.0,-0.4246812400829006,-0.38966941762052476,2,0,0
861,1.0,0.9710963716398209,-0.38966941762052476,2,0,0
862,1.0,-0.19205163812911372,-0.3730088633693155,2,1,0
863,0.0,0.1181211644759355,0.3381656168575042,1,0,0
864,0.0,-0.1145084374778514,-0.4576082966595932,3,0,0
865,1.0,-1.9755452531081459,-0.42590413347830447,3,1,1
866,0.0,-0.269594838780376,-0.4887475965894427,3,0,0
867,1.0,1.3588123748961323,0.37812144217579513,1,1,1
868,0.0,0.2732075657784601,-0.5449582839955383,1,0,0
869,0.0,1.3588123748961323,-0.46731385080803145,3,0,0
870,1.0,-0.1145084374778514,-0.1761472263548812,2,1,0
871,1.0,-1.122570045944261,-0.5017685680349877,3,0,0
872,0.0,-0.7348540426879495,-0.4508959354105332,3,0,0
873,0.0,-0.8123972433392118,-0.4887475965894427,3,0,0
874,0.0,-0.1145084374778514,-0.4887475965894427,3,0,0
875,1.0,2.0567011807574924,0.9721809416042388,1,0,1
876,1.0,-0.3471380394316383,-0.1373250097611278,2,0,1
877,0.0,0.2732075657784601,-0.4887475965894427,3,0,0
878,0.0,-0.5797676413854249,-0.4378730228541586,3,0,0
879,0.0,-0.1145084374778514,-0.4381971883627165,2,0,0
880,0.0,-0.3471380394316383,-0.505165511986941,3,0,0
881,0.0,0.7384667696860339,-0.07666529633338814,3,0,5
882,0.0,-0.19205163812911372,-0.38966941762052476,2,0,0
883,1.0,-0.8123972433392118,-0.05968057657362104,1,0,0
884,0.0,-0.1145084374778514,-0.18682333591816336,3,1,2
885,1.0,-0.269594838780376,-0.05968057657362104,1,0,0
886,0.0,0.19566436512719781,-0.49157773617912737,3,0,0
887,0.0,0.38952236675535357,-0.49004037640201475,3,0,0
888,0.0,1.3588123748961323,-0.5061360674017849,3,1,0
889,0.0,2.521960384665066,-0.4539687138539288,2,0,0
890,0.0,-0.19205163812911372,-0.4738650998582274,3,0,0
891,0.0,-0.5797676413854249,-0.4034998322820494,3,1,1
892,0.0,-1.2001132465955233,-0.46294635144123425,3,0,0
893,0.0,0.0405779638246732,-0.4939225980613901,3,0,0
894,0.0,-0.269594838780376,-0.07909168487049775,2,1,1
895,0.0,-0.8899404439904741,-0.5016870413801408,3,0,0
896,0.0,-0.6573108420366872,-0.17323556011034974,3,2,0
897,0.0,-0.1145084374778514,-0.4887475965894427,3,0,0
898,0.0,1.28126917424487,-0.1373250097611278,1,0,0
899,0.0,-0.5022244407341626,0.9548739974467435,1,1,0
900,0.0,2.5995035853163286,-0.1373250097611278,2,1,0
901,0.0,1.3588123748961323,0.5454607245815096,1,1,0
902,0.0,-0.4246812400829006,-0.10392237460386242,2,1,0
903,0.0,0.4282939670809847,-0.40228663801349457,2,0,0
904,0.0,-0.6573108420366872,-0.5017685680349877,3,0,0
905,0.0,-0.19205163812911372,-0.4881807922271739,3,1,0
906,0.0,1.2037259735936077,-0.5017685680349877,3,0,0
907,0.0,1.97915798010623,0.5110060073545535,1,1,0
908,0.0,-1.5878292498518347,-0.580465083292185,3,0,1
909,0.0,-0.1145084374778514,-0.027005857977488595,1,0,0
910,0.0,-0.6573108420366872,0.5494244728957318,1,0,1
911,0.0,1.436355575547394,4.450975713913098,1,1,3
912,0.0,1.5914419768499186,-0.3605527551752097,3,1,0
913,0.0,-0.5797676413854249,0.5610711378738579,1,0,1
914,0.0,-0.5409960410597937,-0.5017685680349877,3,0,0
915,0.0,0.8935531709885586,-0.04997502242518276,1,0,0
916,0.0,-0.1145084374778514,-0.22119652649027255,3,2,0
917,0.0,1.5914419768499186,-0.1373250097611278,2,1,0
918,0.0,-0.4246812400829006,-0.03056391412830605,2,2,0
919,0.0,0.2732075657784601,-0.24263027227168388,3,1,2
920,0.0,-0.1145084374778514,-0.18682333591816336,3,1,2
921,0.0,0.0405779638246732,0.478977678664707,1,1,0
922,0.0,-0.8511688436648429,-0.5016870413801408,3,0,0
923,0.0,-0.1145084374778514,-0.4857544036900643,3,0,0
924,0.0,-0.6573108420366872,-0.4738650998582274,3,0,0
925,0.0,-0.3471380394316383,-0.4576082966595932,3,0,0
926,0.0,-0.1145084374778514,0.4546322666387643,3,0,0
927,0.0,0.7384667696860339,-0.3815808087932162,3,0,1
928,0.0,-0.1145084374778514,-0.12664890019784564,1,0,0
929,0.0,0.8935531709885586,-0.4896366253494397,3,0,0
930,0.0,0.0405779638246732,-0.38966941762052476,2,0,0
931,0.0,1.2037259735936077,0.37812144217579513,1,1,0
932,0.0,-0.3471380394316383,-0.4881807922271739,3,0,0
933,0.0,1.2037259735936077,-0.06550390906268412,1,0,0
934,0.0,-0.1145084374778514,-0.49157773617912737,3,0,0
935,0.0,2.3668739833625416,0.8388926253729055,1,0,0
936,0.0,0.505837167732247,-0.3333772035595824,3,0,2
937,0.0,-0.4246812400829006,0.5226526723326795,1,1,0
938,0.0,-0.19205163812911372,-0.35020081112048534,2,0,0
939,0.0,-0.7348540426879495,-0.19555833465175784,2,2,1
940,0.0,-0.1145084374778514,4.463107656598647,1,3,2
941,0.0,-0.1145084374778514,-0.33960428710122037,2,0,0
942,0.0,-1.5102860492005725,-0.07666529633338814,3,4,1
943,0.0,0.4282939670809847,-0.4887475965894427,3,0,0
944,0.0,-0.3471380394316383,-0.493518847008815,3,0,0
945,0.0,-0.1145084374778514,-0.329494981900207,3,1,0
946,0.0,0.505837167732247,4.450975713913098,1,0,0
947,0.0,-0.9674836446417364,-0.4887475965894427,3,0,0
948,0.0,0.19566436512719781,-0.37996386347208644,2,0,0
949,0.0,-0.8899404439904741,-0.49157773617912737,3,0,0
950,0.0,-0.5797676413854249,-0.4920630138865492,3,0,0
951,0.0,-1.2776564472467855,4.450975713913098,1,2,2
952,0.0,-0.1145084374778514,-0.23438055124551127,2,0,0
953,0.0,-0.8899404439904741,-0.4890698209871709,3,0,0
954,0.0,1.3588123748961323,0.18101716630764983,1,0,0
955,0.0,0.1181211644759355,-0.08806932245780323,1,0,0
956,0.0,2.3668739833625416,4.463107656598647,1,1,4
957,0.0,-0.4246812400829006,-0.49157773617912737,3,0,0
958,0.0,-0.6573108420366872,-0.4887475965894427,3,0,0
959,0.0,-0.03696523682658911,-0.4881807922271739,3,0,0
960,0.0,-0.07573683715222025,-0.10392237460386242,1,0,0
961,0.0,0.4282939670809847,3.4634355793094977,1,0,0
962,0.0,0.23443596545282896,3.4634355793094977,1,0,0
963,0.0,-0.1145084374778514,-0.4857544036900643,3,0,0
964,0.0,1.97915798010623,-0.1431483422501908,1,2,0
965,0.0,0.0405779638246732,-0.38966941762052476,2,0,0
966,0.0,-0.4246812400829006,-0.49157773617912737,3,0,0
967,0.0,-1.8204588518056217,-0.3460759506073991,3,1,1
968,0.0,2.909676387921378,3.6629662437147523,1,1,0
969,0.0,1.5138987761986562,-0.1373250097611278,1,0,0
970,0.0,-0.1145084374778514,-0.4887475965894427,3,0,0
971,0.0,-0.1145084374778514,-0.4341538545044771,2,0,0
972,0.0,-0.1145084374778514,-0.36144178393520665,3,1,0
973,0.0,-0.19205163812911372,-0.4890698209871709,3,0,0
974,0.0,-0.8899404439904741,-0.4857544036900643,3,0,0
975,0.0,-0.1145084374778514,-0.49157773617912737,3,0,0
976,0.0,-2.1306316544106707,-0.19555833465175784,2,1,1
977,0.0,-0.5797676413854249,-0.37219942015333574,3,1,0
978,0.0,-0.1145084374778514,-0.49109245847170546,3,0,0
979,0.0,-0.19205163812911372,0.3673638059576661,1,1,2
980,0.0,-0.1145084374778514,-0.4857544036900643,3,0,0
981,0.0,-0.3471380394316383,-0.1373250097611278,1,0,0
982,0.0,-0.3471380394316383,-0.4906887074191304,3,0,0
983,0.0,3.607565193782739,0.8885520637288048,1,1,0
984,0.0,-0.03696523682658911,-0.4881807922271739,3,0,0
985,0.0,-0.7348540426879495,-0.4895550986945928,3,0,0
986,0.0,0.2732075657784601,-0.4857544036900643,3,0,0
987,0.0,1.048639572291083,0.4341710173830265,1,1,0
988,0.0,-0.19205163812911372,-0.1373250097611278,2,1,0
989,0.0,-0.1145084374778514,-0.49157773617912737,3,0,0
990,0.0,-0.269594838780376,-0.49109245847170546,3,0,0
991,0.0,-1.0450268452929987,-0.476695239447912,3,1,1
992,0.0,-0.1145084374778514,-0.20477861109277434,3,0,0
993,0.0,-0.6573108420366872,-0.4902034297117085,3,0,0
994,0.0,-0.1145084374778514,-0.49157773617912737,3,0,0
995,0.0,-0.1145084374778514,-0.4728945444433835,3,0,0
996,0.0,-0.8511688436648429,-0.38966941762052476,2,0,0
997,0.0,0.8935531709885586,-0.34995817226677445,2,0,0
998,0.0,-0.1145084374778514,-0.49101093181685856,3,0,0
999,0.0,0.505837167732247,-0.027085443521505694,1,0,0
1000,0.0,-0.8511688436648429,-0.5006369004212796,3,0,0
1001,0.0,2.5995035853163286,3.6629662437147523,1,1,0
1002,0.0,-0.8899404439904741,-0.36144178393520665,3,1,0
1003,0.0,-0.1145084374778514,-0.517054815818778,3,0,0
1004,0.0,-2.208174855061933,-0.31784831692208104,3,1,1
1005,0.0,0.505837167732247,0.8185109616611848,1,0,0
1006,0.0,-0.03696523682658911,-0.1373250097611278,2,1,0
1007,0.0,-1.355199647898048,-0.3362888698041139,2,0,0
1008,0.0,-0.1145084374778514,-0.49157773617912737,3,1,0
1009,0.0,0.4282939670809847,0.478977678664707,1,1,0
1010,0.0,-0.1145084374778514,-0.5012832903275657,3,0,0
1011,0.0,-0.1145084374778514,-0.49157773617912737,3,0,0
1012,0.0,-0.9674836446417364,-0.329494981900207,3,0,1
1013,0.0,-0.5797676413854249,-0.4906887074191304,3,0,0
1014,0.0,-0.1145084374778514,-0.1907055575775387,3,2,0
1015,0.0,0.9710963716398209,-0.38966941762052476,2,0,0
1016,0.0,-0.4246812400829006,-0.4857544036900643,3,0,0
1017,0.0,0.19566436512719781,-0.4857544036900643,3,0,0
1018,0.0,1.8240715788037054,-0.0887972390189361,1,0,0
1019,0.0,-0.1145084374778514,-0.14767695381585214,3,0,4
1020,0.0,-0.1145084374778514,-0.517054815818778,3,1,0
1021,0.0,1.048639572291083,-0.4887475965894427,3,0,0
1022,0.0,-0.4246812400829006,-0.4895550986945928,3,0,0
1023,0.0,-0.23082323845474487,-0.5017685680349877,3,0,0
1024,0.0,-0.269594838780376,-0.38966941762052476,2,0,0
1025,0.0,-0.5022244407341626,-0.4857544036900643,3,0,0
1026,0.0,0.8160099703372963,0.2683671536435949,3,1,6
1027,0.0,-1.5102860492005725,0.2683671536435949,3,5,2
1028,0.0,0.2732075657784601,2.2997396369117404,1,0,0
1029,0.0,2.444417184013804,4.450975713913098,1,1,3
1030,0.0,-0.1145084374778514,-0.1373250097611278,2,0,0
1031,0.0,0.9710963716398209,-0.12664890019784564,1,0,0
1032,0.0,0.1181211644759355,-0.2926138761361413,3,3,0
1033,0.0,-0.1145084374778514,0.36469477856684546,1,0,0
1034,0.0,-0.5797676413854249,-0.4857544036900643,3,0,0
1035,0.0,-0.1145084374778514,-0.12664890019784564,1,0,0
1036,0.0,0.0405779638246732,-0.1373250097611278,2,1,1
1037,0.0,-0.1145084374778514,-0.4887475965894427,3,0,0
1038,0.0,2.4056455836881727,-0.36144178393520665,3,0,0
1039,0.0,0.505837167732247,-0.40552246976658396,3,0,2
1040,0.0,-1.2776564472467855,-0.03274766381170465,3,4,2
1041,0.0,-0.4246812400829006,-0.4954599578385027,3,0,0
1042,0.0,-0.03696523682658911,3.6629662437147523,1,0,0
1043,0.0,0.9710963716398209,-0.12664890019784564,1,0,0
1044,0.0,-0.269594838780376,-0.37462580869044526,3,0,2
1045,0.0,-0.1145084374778514,-0.49190190168768516,3,0,0
1046,0.0,-1.7429156511543593,-0.3460759506073991,3,1,1
1047,0.0,-0.269594838780376,-0.37996386347208644,2,0,0
1048,0.0,-0.1145084374778514,-0.5061360674017849,3,0,0
1049,0.0,0.8935531709885586,-0.38966941762052476,2,0,0
1050,0.0,-0.269594838780376,-0.2144841652412127,3,1,1
1051,0.0,1.436355575547394,0.3381656168575042,1,0,0
1052,0.0,-0.8899404439904741,0.025243022225214462,3,2,2
1053,0.0,-0.1145084374778514,-0.10392237460386242,1,0,0
1054,0.0,-0.5797676413854249,-0.4680417673691643,3,0,0
1055,0.0,-0.1145084374778514,-0.4954599578385027,3,0,0
1056,0.0,-0.19205163812911372,-0.5017685680349877,3,0,0
1057,0.0,-0.5022244407341626,-0.37219942015333574,3,1,0
1058,0.0,-0.1145084374778514,-0.5016870413801408,3,0,0
1059,0.0,0.8160099703372963,-0.03274766381170465,3,1,5
1060,0.0,-1.122570045944261,0.11501939809826918,2,0,2
1061,0.0,-0.7348540426879495,0.07134440443029655,2,0,0
1062,0.0,1.9016147794549678,0.4341710173830265,1,1,0
1063,0.0,0.505837167732247,0.11501939809826918,2,0,3
1064,0.0,2.677046785967591,0.9721809416042388,1,0,2
1065,0.0,0.0405779638246732,-0.38966941762052476,2,0,0
1066,0.0,0.5833803683835093,0.9721809416042388,1,1,1
1067,0.0,-0.8899404439904741,0.38871602508423037,1,1,0
1068,0.0,-0.1145084374778514,-0.49157773617912737,3,0,0
1069,0.0,-0.19205163812911372,4.162639229049633,1,1,1
1070,0.0,0.8160099703372963,-0.33143609272989466,2,0,0
1071,0.0,-0.6573108420366872,-0.23438055124551127,2,0,1
1072,0.0,-0.9674836446417364,-0.4857544036900643,3,2,0
1073,0.0,-0.1145084374778514,0.7080287565678519,3,8,2
1074,0.0,0.8160099703372963,-0.38966941762052476,2,0,0
1075,0.0,0.3507507664297224,-0.1373250097611278,2,1,0
1076,0.0,-0.1145084374778514,-0.1373250097611278,1,0,0
1077,0.0,-1.3939712482236788,-0.3605527551752097,3,1,1
1078,0.0,2.444417184013804,-0.40228663801349457,2,0,0
1079,0.0,-1.6653724505030971,-0.011152805831429344,2,0,2
1080,0.0,0.2732075657784601,-0.4895550986945928,3,0,0
1081,0.0,-1.8204588518056217,1.9687802404499928,1,0,2
1082,0.0,-0.8899404439904741,-0.49109245847170546,3,0,0
1083,0.0,-0.5022244407341626,-0.4381971883627165,2,0,0
1084,0.0,-0.1145084374778514,-0.4845412094215096,3,0,0
1085,0.0,-0.1145084374778514,-0.3411416468783331,3,0,0
1086,0.0,-2.2601287994982786,-0.36249386600489736,3,0,2
1087,0.0,1.3588123748961323,3.7744985897669463,1,1,0
1088,0.0,-1.6653724505030971,-0.1373250097611278,2,1,1
1089,0.0,-0.3471380394316383,-0.4381971883627165,2,0,0
1090,0.0,-0.1145084374778514,-0.14233889903421107,1,0,0
1091,0.0,0.4282939670809847,-0.49157773617912737,3,0,0
1092,0.0,-0.4246812400829006,-0.4381971883627165,2,0,0
1093,0.0,0.2732075657784601,-0.10392237460386242,1,0,0
1094,0.0,-0.3471380394316383,-0.4887475965894427,3,0,0
1095,0.0,0.19566436512719781,-0.20477861109277434,3,0,0
1096,0.0,-0.1145084374778514,-0.505165511986941,3,0,0
1097,0.0,-0.9674836446417364,0.7847026343405148,2,0,0
1098,0.0,2.3668739833625416,-0.1373250097611278,2,1,0
1099,0.0,0.6609235690347716,-0.49109245847170546,3,4,2
1100,0.0,0.9710963716398209,0.1829582771373376,1,0,0
1101,0.0,-0.1145084374778514,-0.4890698209871709,3,0,0
1102,0.0,2.1342443814087546,2.558231542768758,1,1,1
1103,0.0,1.5914419768499186,3.4634355793094977,1,1,1
1104,0.0,-0.1145084374778514,-0.4857544036900643,3,0,0
1105,0.0,0.0405779638246732,-0.3730088633693155,2,1,0
1106,0.0,-0.6573108420366872,-0.4857544036900643,3,0,0
1107,0.0,-0.5797676413854249,-0.4381971883627165,2,0,0
1108,0.0,-0.6573108420366872,-0.4906887074191304,3,0,0
1109,0.0,1.8240715788037054,-0.10926042938550355,1,0,0
1110,0.0,-0.1145084374778514,-0.3460759506073991,3,0,2
1111,0.0,-0.5022244407341626,-0.4906887074191304,3,0,0
1112,0.0,-0.1145084374778514,-0.49157773617912737,3,0,0
1113,0.0,0.8547815706629274,-0.34890609019708374,3,0,0
1114,0.0,0.505837167732247,-0.38966941762052476,2,0,0
1115,0.0,-1.2001132465955233,0.619708213817063,2,0,0
1116,0.0,-0.6573108420366872,-0.12664890019784564,1,0,0
1117,0.0,-0.6573108420366872,-0.5159231482050701,3,1,0
1118,0.0,-0.1145084374778514,-0.4890698209871709,3,0,0
1119,0.0,0.7384667696860339,0.7416740305788282,1,1,0
1120,0.0,-0.7348540426879495,-0.4895550986945928,3,0,0
1121,0.0,2.677046785967591,0.818672073860049,1,1,0
1122,0.0,-0.7348540426879495,-0.5017685680349877,3,0,0
1123,0.0,-0.8899404439904741,-0.38966941762052476,2,1,1
1124,0.0,1.436355575547394,1.4238133750151796,1,1,0
1125,0.0,1.97915798010623,-0.10392237460386242,1,0,0
1126,0.0,1.2037259735936077,-0.05968057657362104,2,0,2
1127,0.0,1.2037259735936077,1.9687802404499928,1,1,1
1128,0.0,-0.1145084374778514,-0.4889087087883068,3,0,0
1129,0.0,-0.1145084374778514,-0.18682333591816336,3,1,2
1130,0.0,0.8935531709885586,0.36469477856684546,1,1,0
1131,0.0,-0.5797676413854249,-0.23438055124551127,2,0,0
1132,0.0,0.9710963716398209,-0.011152805831429344,2,1,1
1133,0.0,-0.03696523682658911,-0.1373250097611278,2,1,0
1134,0.0,-0.1145084374778514,-0.36144178393520665,3,1,0
1135,0.0,-2.214378311114034,-0.1033555702415936,2,1,2
1136,0.0,-0.7348540426879495,-0.4881807922271739,3,0,0
1137,0.0,-0.19205163812911372,2.013022038480234,1,1,0
1138,0.0,-0.4246812400829006,-0.4610052406115466,3,0,0
1139,0.0,0.23443596545282896,-0.4576082966595932,3,0,0
1140,0.0,-0.1145084374778514,-0.4954599578385027,3,0,0
1141,0.0,-0.1145084374778514,-0.49157773617912737,3,0,0
1142,0.0,-0.1145084374778514,-0.4857544036900643,3,0,0
1143,0.0,-0.8123972433392118,-0.38966941762052476,2,0,0
1144,0.0,-0.6573108420366872,-0.49109245847170546,3,0,0
1145,0.0,0.5446087680578782,-0.3042605411142673,3,1,0
1146,0.0,-0.6573108420366872,-0.4895550986945928,3,0,0
1147,0.0,-0.03696523682658911,-0.19555833465175784,2,0,2
1148,0.0,-2.208174855061933,-0.40552246976658396,3,1,1
1149,0.0,0.0405779638246732,-0.3947648335484548,2,0,0
1150,0.0,-0.1145084374778514,-0.4887475965894427,3,0,0
1151,0.0,-0.1145084374778514,-0.6420138254799217,1,0,0
1152,0.0,-0.1145084374778514,-0.4954599578385027,3,0,0
1153,0.0,-0.1145084374778514,-0.4857544036900643,3,0,0
1154,0.0,-0.9674836446417364,-0.4738650998582274,3,0,0
1155,0.0,1.28126917424487,0.8185109616611848,1,0,0
1156,0.0,-0.1145084374778514,-0.49157773617912737,3,0,0
1157,0.0,-0.269594838780376,2.013022038480234,1,1,0
1158,0.0,-0.1145084374778514,-0.3411416468783331,3,1,0
1159,0.0,-0.1145084374778514,-0.5017685680349877,3,0,0
1160,0.0,-0.7348540426879495,-0.1373250097611278,2,1,0
1161,0.0,-0.1145084374778514,-0.4381971883627165,2,0,0
1162,0.0,0.8160099703372963,-0.1373250097611278,2,1,0
1163,0.0,0.0405779638246732,-0.23438055124551127,2,1,0
1164,0.0,-0.5797676413854249,-0.4381971883627165,2,0,0
1165,0.0,-0.5022244407341626,-0.4738650998582274,3,0,0
1166,0.0,-2.2275606552247487,-0.37462580869044526,3,1,1
1167,0.0,-0.1145084374778514,-0.49157773617912737,3,0,0
1168,0.0,-1.5878292498518347,-0.3460759506073991,3,1,1
1169,0.0,-2.1306316544106707,-0.2496667990293017,3,1,1
1170,0.0,0.505837167732247,-0.5012832903275657,3,0,0
1171,0.0,-0.1145084374778514,-0.5012832903275657,3,0,0
1172,0.0,-0.4246812400829006,0.9548739974467435,1,1,0
1173,0.0,-0.1145084374778514,-0.5016870413801408,3,0,0
1174,0.0,-0.1145084374778514,-0.4857544036900643,3,0,0
1175,0.0,-0.1145084374778514,0.1266660630763952,1,0,0
1176,0.0,0.0405779638246732,-0.5071066228166288,3,0,0
1177,0.0,-0.1145084374778514,-0.5016870413801408,3,0,0
1178,0.0,1.8240715788037054,0.9469465008182991,1,1,1
1179,0.0,0.505837167732247,-0.4576082966595932,3,0,0
1180,0.0,-0.269594838780376,-0.4887475965894427,3,0,0
1181,0.0,-2.208174855061933,0.1650845286175735,2,1,2
1182,0.0,-0.1145084374778514,-0.22119652649027255,3,2,0
1183,0.0,0.0405779638246732,0.24119160202796755,1,0,0
1184,0.0,-0.03696523682658911,-0.4895550986945928,3,0,0
1185,0.0,0.19566436512719781,-0.49109245847170546,3,0,0
1186,0.0,-0.1145084374778514,-0.34995817226677445,2,0,0
1187,0.0,1.048639572291083,-0.23438055124551127,2,0,1
1188,0.0,-0.4246812400829006,-0.4738650998582274,3,0,0
1189,0.0,-0.1145084374778514,-0.49157773617912737,3,0,0
1190,0.0,2.677046785967591,-0.12664890019784564,1,1,1
1191,0.0,0.0405779638246732,2.2997396369117404,1,1,2
1192,0.0,-2.2213571991726475,-0.46051996290412467,3,0,1
1193,0.0,1.97915798010623,1.1729248002780486,1,1,1
1194,0.0,1.2037259735936077,-0.36815608629509633,3,1,0
1195,0.0,-0.8899404439904741,-0.4738650998582274,3,0,0
1196,0.0,-0.5797676413854249,-0.5017685680349877,3,0,0
1197,0.0,-0.1145084374778514,-0.49497468013108076,3,0,0
1198,0.0,0.5833803683835093,-0.49157773617912737,3,0,0
1199,0.0,1.97915798010623,1.9907788494828424,1,0,0
1200,0.0,-0.9674836446417364,-0.49190190168768516,3,0,0
1201,0.0,2.1342443814087546,2.2021172910650884,1,1,0
1202,0.0,-0.8123972433392118,-0.4381971883627165,2,0,0
1203,0.0,-0.19205163812911372,-0.4895550986945928,3,0,0
1204,0.0,-0.5797676413854249,-0.03056391412830605,2,2,0
1205,0.0,-0.269594838780376,-0.49109245847170546,3,0,0
1206,0.0,-0.3471380394316383,-0.5016870413801408,3,0,0
1207,0.0,-0.269594838780376,-0.38966941762052476,2,0,0
1208,0.0,0.2732075657784601,-0.12664890019784564,1,0,0
1209,0.0,0.7384667696860339,3.460281274211255,1,0,0
1210,0.0,-0.5022244407341626,-0.505165511986941,3,0,0
1211,0.0,-1.355199647898048,0.11501939809826918,2,2,1
1212,0.0,1.28126917424487,0.895345951632712,1,0,0
1213,0.0,-0.03696523682658911,-0.1373250097611278,2,1,0
1214,0.0,-0.6573108420366872,-0.38966941762052476,2,0,0
1215,0.0,1.436355575547394,0.07134440443029655,2,0,2
1216,0.0,0.7384667696860339,-0.06550390906268412,1,0,0
1217,0.0,-0.1145084374778514,-0.5017685680349877,3,0,0
1218,0.0,-0.8123972433392118,-0.336449982002978,3,1,1
1219,0.0,-0.19205163812911372,-0.4887475965894427,3,0,0
1220,0.0,0.0405779638246732,-0.1373250097611278,1,0,0
1221,0.0,0.19566436512719781,-0.38966941762052476,2,0,0
1222,0.0,-0.3471380394316383,-0.03056391412830605,2,0,0
1223,0.0,-0.1145084374778514,-0.5016870413801408,3,0,0
1224,0.0,-0.8899404439904741,-0.4381971883627165,2,0,0
1225,0.0,0.19566436512719781,-0.4948931534762339,3,0,0
1226,0.0,-0.1145084374778514,0.7080287565678519,3,1,9
1227,0.0,2.211787582060017,9.302863759372274,1,0,1
1228,0.0,-0.1145084374778514,-0.3605527551752097,3,1,1
1229,0.0,-1.0450268452929987,-0.493518847008815,3,0,0
1230,0.0,-0.269594838780376,-0.38966941762052476,2,0,0
1231,0.0,0.6609235690347716,-0.5016870413801408,3,0,0
1232,0.0,-0.4246812400829006,-0.37996386347208644,2,0,0
1233,0.0,0.1181211644759355,-0.23438055124551127,2,0,0
1234,0.0,1.2037259735936077,0.5878409973260805,1,0,1
1235,0.0,-0.3471380394316383,-0.4381971883627165,2,0,0
1236,0.0,-0.8899404439904741,0.7847026343405148,2,0,0
1237,0.0,1.5138987761986562,0.619708213817063,2,1,2
1238,0.0,-2.2725357116024805,-0.24263027227168388,3,1,2
1239,0.0,1.5914419768499186,-0.1373250097611278,1,0,0
1240,0.0,2.2893307827112794,0.35725450075665266,1,2,0
1241,0.0,-0.1145084374778514,-0.4890698209871709,3,0,0
1242,0.0,-0.1145084374778514,-0.49157773617912737,3,0,0
1243,0.0,0.0405779638246732,-0.34017109146348923,3,1,0
1244,0.0,-1.1613416462698922,0.7080287565678519,3,8,2
1245,0.0,-0.4246812400829006,0.07627870815936251,2,1,1
1246,0.0,0.1181211644759355,-0.23438055124551127,2,0,0
1247,0.0,-0.19205163812911372,-0.4738650998582274,3,0,0
1248,0.0,-0.3471380394316383,0.4341710173830265,1,1,0
1249,0.0,-0.1145084374778514,0.7080287565678519,3,1,9
1250,0.0,-0.1145084374778514,-0.36136219839118955,3,1,0
1251,0.0,-0.5797676413854249,0.1283645350523718,3,0,0
1252,0.0,1.2037259735936077,0.5110060073545535,1,0,1
1253,0.0,-0.03696523682658911,-0.3730088633693155,2,0,0
1254,0.0,-0.6573108420366872,-0.4187860800658398,2,1,0
1255,0.0,0.1181211644759355,1.9687802404499928,1,0,0
1256,0.0,1.5138987761986562,-0.6420138254799217,1,0,0
1257,0.0,1.1261827729423455,-0.38966941762052476,2,0,0
1258,0.0,1.9016147794549678,0.9469465008182991,1,1,1
1259,0.0,1.2037259735936077,4.450975713913098,1,0,0
1260,0.0,-0.5797676413854249,-0.4738650998582274,3,2,0
1261,0.0,-0.6573108420366872,-0.4187860800658398,2,0,0
1262,0.0,1.97915798010623,0.32854158936391265,1,0,0
1263,0.0,-1.8980020524568837,-0.03274766381170465,3,4,2
1264,0.0,-0.1145084374778514,-0.49157773617912737,3,0,0
1265,0.0,-0.269594838780376,-0.4890698209871709,3,0,0
1266,0.0,-0.1145084374778514,-0.3605527551752097,3,0,0
1267,0.0,-0.8123972433392118,-0.329494981900207,3,1,0
1268,0.0,-0.1145084374778514,-0.3920958061576344,2,0,0
1269,0.0,-0.4246812400829006,0.619708213817063,2,1,2
1270,0.0,-0.4246812400829006,-0.49109245847170546,3,0,0
1271,0.0,2.1342443814087546,-0.38966941762052476,2,0,0
1272,0.0,-0.6573108420366872,-0.49157773617912737,3,0,0
1273,0.0,-1.8204588518056217,-0.23292471812324553,3,3,1
1274,0.0,-0.5022244407341626,1.1729248002780486,1,0,0
1275,0.0,1.6689851775011808,0.12278384141701972,1,0,1
1276,0.0,-1.2776564472467855,-0.24893888246816875,3,0,2
1277,0.0,1.3588123748961323,-0.4381971883627165,2,0,0
1278,0.0,-0.03696523682658911,-0.2144841652412127,3,3,1
1279,0.0,-0.8899404439904741,0.5226526723326795,1,1,0
1280,0.0,-0.4246812400829006,-0.5012832903275657,3,0,0
1281,0.0,1.436355575547394,0.895345951632712,1,1,1
1282,0.0,-0.5797676413854249,-0.49109245847170546,3,0,0
1283,0.0,0.1181211644759355,-0.49190190168768516,3,0,0
1284,0.0,0.0405779638246732,2.558231542768758,1,0,0
1285,0.0,0.6609235690347716,-0.23438055124551127,2,1,0
1286,0.0,-0.5797676413854249,0.5110060073545535,1,0,1
1287,0.0,-0.9674836446417364,0.2722493753029703,1,0,0
1288,0.0,1.048639572291083,-0.10392237460386242,1,1,0
1289,0.0,-0.7348540426879495,-0.3729273367144686,2,0,0
1290,0.0,-0.5022244407341626,-0.4381971883627165,2,1,0
1291,0.0,1.5914419768499186,3.4634355793094977,1,1,1
1292,0.0,-0.1145084374778514,-0.4921445405413961,3,0,0
1293,0.0,-2.053088453759408,-0.37462580869044526,3,1,1
1294,0.0,-0.1145084374778514,-0.49157773617912737,3,0,0
1295,0.0,0.5833803683835093,1.1049859212389803,1,1,0
1296,0.0,-0.1145084374778514,-0.49109245847170546,3,0,0
1297,0.0,-0.1145084374778514,-0.4857544036900643,3,0,0
1298,0.0,0.7384667696860339,1.4718558680499496,1,0,0
1299,0.0,0.6996951693604028,-0.5012832903275657,3,0,0
1300,0.0,-0.1145084374778514,-0.4857544036900643,3,0,0
1301,0.0,-0.1145084374778514,-0.20801444284586362,3,1,1
